erc20Token,evmReceiverAddress,network,amount,formattedAmount
0x0000000000000000000000000000000000000000,0x01234e2f5720ded49ea4ccd25eb7e18e659fc7c5,Ethereum,79140600000000000,"0.0791406 ETH|eth"
0x0000000000000000000000000000000000000000,0x01f8b1a30fdb0c1d34809f906774caff2e4086a0,Ethereum,1478282690000000,"0.00147828269 ETH|eth"