source,evmTokenAddress,evmReceiverAddress,formattedAmount,amount,sudtArgs,burnTxHash,transferTxHash
Ethereum,0x0000000000000000000000000000000000000000,0x3fb9f3fb13c9b1658c243b795c7fcb8b7dd686d2,0.018226640114490682 ETH|eth,18226640114490682,0x9657b32fcdc463e13ec9205914fd91c443822a949937ae94add9869e7f2e1de8,0x4d534b2fe540521819ef6a7c02a497960a60a65fbe0ec0a7003b4c92c60eda48,
Ethereum,0xA0b86991c6218b36c1d19D4a2e9Eb0cE3606eB48,0x3fb9f3fb13c9b1658c243b795c7fcb8b7dd686d2,10.765152 USDC|eth,10765152,0x5c4ac961a2428137f27271cf2af205e5c55156d26d9ac285ed3170e8c4cc1501,0x73b860b7f8ef62117f81fe02b3e0c00581cae07b567fe2447839e726eb33d6aa,