evmTokenAddress,evmReceiverAddress,source,amount,formattedAmount,sudtArgs,transferTxHash
0x337610d27c682E347C9cD60BD4b3b107C9d34dDd,0x063094ae5d4cbe7b785b33e980486f72f2d2a474,BSC,12000000000000000,120000000.0 Test|bsc,0x5dd2d06132247e6ec70d3094825a7b2b30e3b69d10bdbfbbb3ae571d88b8ab98,
0x337610d27c682E347C9cD60BD4b3b107C9d34dDd,0x3fb9f3fb13c9b1658c243b795c7fcb8b7dd686d2,BSC,52111000000000000,521110000.0 Test|bsc,0x5dd2d06132247e6ec70d3094825a7b2b30e3b69d10bdbfbbb3ae571d88b8ab98,
0x0000000000000000000000000000000000000000,0x063094ae5d4cbe7b785b33e980486f72f2d2a474,Ethereum,5600000000000000,0.0056 Test_2|eth,0x5388412a30e8bc24fe3ea6f826fcccd8132c9ae0bd35e71c24ca2ae51d5de142,
0x0000000000000000000000000000000000000000,0x234e2f5720ded49ea4ccd25eb7e18e659fc7c5ff,Ethereum,60922000000000000,0.060922 ETH|eth,0x9cfc1339d0b730258d517db6fbf29d091e0aec807eb8b79d99ecbb86bfac3574,
0x0000000000000000000000000000000000000000,0x234e2f5720ded49ea4ccd25eb7e18e659fc7c5ff,Ethereum,18218600000000000,0.0182186 Test_2|eth,0x5388412a30e8bc24fe3ea6f826fcccd8132c9ae0bd35e71c24ca2ae51d5de142,
0x0000000000000000000000000000000000000000,0x3fb9f3fb13c9b1658c243b795c7fcb8b7dd686d2,Ethereum,152220000000000000,0.15222 Test_2|eth,0x5388412a30e8bc24fe3ea6f826fcccd8132c9ae0bd35e71c24ca2ae51d5de142,
0x0000000000000000000000000000000000000000,0xf8b1a30fdb0c1d34809f906774caff2e4086a05a,Ethereum,1478282690000000,0.00147828269 Test_2|eth,0x5388412a30e8bc24fe3ea6f826fcccd8132c9ae0bd35e71c24ca2ae51d5de142,